ourName,ourCategory,ourSource,matchedDescription,matchedCategory,foodCode,score,tier,coreMismatch,compositeDish,cup,tbsp,tsp,piece
Yakhnat Fassoulia,prepared,lebanese,,,,3.5,no-match,yes,no,,,,
Kounafa kashta bil kaak,sweets,lebanese,,,,3.5,no-match,yes,no,,,,
Malfouf mahchi,prepared,lebanese,,,,3.6,no-match,yes,no,,,,
Maamoul joz,sweets,lebanese,,,,3.6,no-match,yes,no,,,,
Borgul bi banadoura,prepared,lebanese,,,,3.7,no-match,yes,no,,,,
Maamoul mad joz,sweets,lebanese,,,,3.7,no-match,yes,yes,,,,
Koussa mahchi,prepared,lebanese,,,,3.8,no-match,yes,no,,,,
Lahm bil ajin,prepared,lebanese,,,,3.8,no-match,yes,no,,,,
Halawat El Jiben,sweets,lebanese,,,,3.8,no-match,yes,no,,,,
Karabij joz maa crema,sweets,lebanese,,,,3.8,no-match,yes,no,,,,
Baba ghanoush (mtabbal),prepared,lebanese,,,,3.9,no-match,yes,yes,,,,
Yakhnat Mouloukhia,prepared,lebanese,,,,3.9,no-match,yes,no,,,,
Maamoul mad Kashta,sweets,lebanese,,,,3.9,no-match,yes,no,,,,
Kallaj kashta,sweets,lebanese,,,,4,no-match,yes,no,,,,
Maakroun wa moushaba,sweets,lebanese,,,,4,no-match,yes,no,,,,
Moufattaka,sweets,lebanese,,,,4,no-match,yes,no,,,,
Shaaybiyat,sweets,lebanese,,,,4,no-match,yes,no,,,,
Znoud El Sitt,sweets,lebanese,,,,4,no-match,yes,no,,,,
Mafrouka fostok,sweets,lebanese,,,,4,no-match,yes,no,,,,
QUINOA,,usda,,,,4,no-match,yes,no,,,,
Kounafa bil jiben,sweets,lebanese,,,,4.1,no-match,yes,no,,,,
Fatayer sabanikh,prepared,lebanese,,,,4.2,no-match,yes,no,,,,
Riz a dajaj,prepared,lebanese,,,,4.2,no-match,yes,no,,,,
Boundoukia,sweets,lebanese,,,,4.2,no-match,yes,yes,,,,
Mouhallabiya,sweets,lebanese,,,,4.2,no-match,yes,no,,,,
Riz bil Hlib,sweets,lebanese,,,,4.2,no-match,yes,no,,,,
Ward el sham,sweets,lebanese,,,,4.2,no-match,yes,no,,,,
Baba ghanouj,prepared,lebanese,,,,4.3,no-match,yes,no,,,,
Shawarma dajaj,prepared,lebanese,,,,4.3,no-match,yes,no,,,,
Shawarma lahma,prepared,lebanese,,,,4.3,no-match,yes,no,,,,
Maamoul fostok,sweets,lebanese,,,,4.3,no-match,yes,no,,,,
Labneh,dairy,lebanese,,,,4.4,no-match,yes,no,,,,
Pistachios,nuts_seeds,usda,,,,4.4,no-match,yes,no,,,,
Manakish zaatar,prepared,lebanese,,,,4.4,no-match,yes,no,,,,
Hindbe bil zet,prepared,lebanese,,,,4.4,no-match,yes,yes,,,,
Kebba bil saynia,prepared,lebanese,,,,4.4,no-match,yes,no,,,,
Mousaka batinjan,prepared,lebanese,,,,4.4,no-match,yes,no,,,,
Ghourayba,sweets,lebanese,,,,4.4,no-match,yes,no,,,,
Moushabak,sweets,lebanese,,,,4.4,no-match,yes,no,,,,
Croissant,,usda,,,,4.4,no-match,yes,no,,,,
Moujadara,prepared,lebanese,,,,4.5,no-match,yes,no,,,,
Fattat Hommos,prepared,lebanese,,,,4.6,no-match,yes,no,,,,
Yakhnat Bamia,prepared,lebanese,,,,4.6,no-match,yes,no,,,,
Foustoukia,sweets,lebanese,,,,4.6,no-match,yes,no,,,,
Ish el bulbul,sweets,lebanese,,,,4.6,no-match,yes,no,,,,
Maamoul tamer,sweets,lebanese,,,,4.6,no-match,yes,no,,,,
Kafta wa batata,prepared,lebanese,,,,4.7,no-match,yes,no,,,,
Loubia bil zet,prepared,lebanese,,,,4.7,no-match,yes,yes,,,,
Mafrouka Kashta,sweets,lebanese,,,,4.7,no-match,yes,yes,,,,
Chichbarak,prepared,lebanese,,,,5,no-match,yes,no,,,,
Fattoush,prepared,lebanese,,,,5,no-match,yes,no,,,,
Moghrabia,prepared,lebanese,,,,5,no-match,yes,no,,,,
Riz bi lahma,prepared,lebanese,,,,5,no-match,yes,no,,,,
Katayef Kashta,sweets,lebanese,,,,5,no-match,yes,yes,,,,
Madlouka,sweets,lebanese,,,,5,no-match,yes,no,,,,
Nammoura,sweets,lebanese,,,,5,no-match,yes,no,,,,
Osmaliya,sweets,lebanese,,,,5,no-match,yes,no,,,,
Batata mahchi,prepared,lebanese,,,,5.4,no-match,yes,no,,,,
Saniora,sweets,lebanese,,,,5.6,no-match,yes,no,,,,
Maakaron,sweets,lebanese,,,,5.6,no-match,yes,no,,,,
Sayadia,prepared,lebanese,,,,5.7,no-match,yes,no,,,,
Barazik,sweets,lebanese,,,,5.7,no-match,yes,no,,,,
Daoukia,sweets,lebanese,,,,5.7,no-match,yes,no,,,,
Halawa,sweets,lebanese,,,,5.7,no-match,yes,no,,,,
Sfouf,sweets,lebanese,,,,6,no-match,yes,no,,,,
"Bulgur, fine, dry",grains,usda,,,,6.1,no-match,yes,no,,,,
"Bulgur (burghol), cooked",grains,usda,,,,9.8,no-match,yes,no,,,,
"Freekeh, cooked",grains,lebanese,,,,13.1,no-match,yes,no,,,,
"Falafel, fried",prepared,lebanese,,,,13.1,no-match,yes,no,,,,
"Couscous, cooked",,usda,,,,13.1,no-match,yes,no,,,,
"Bulgur, cooked",,usda,,,,13.1,no-match,yes,no,,,,
"Kibbeh, fried",prepared,lebanese,,,,13.3,no-match,yes,no,,,,
"Quinoa, cooked",,usda,,,,13.6,no-match,yes,no,,,,
"CORNFLAKE CRUMBS, CORNFLAKE",,usda,,,,13.7,no-match,no,no,,,,
"Nescaf, Nestle Coffee- Mate, Instant Coffee Mix & Sweetened Creamer, Original, 12 oz (340.1 g) checkoutarrow",,usda,,,,14.2,no-match,no,no,,,,
"BURGER KING, Double Cheeseburger",,usda,,,,14.2,no-match,no,no,,,,
"McDONALD'S, McFLURRY with OREO cookies",,usda,,,,15.2,no-match,no,no,,,,
"BURGER KING, Cheeseburger",,usda,,,,15.5,no-match,no,no,,,,
"BURGER KING, Hamburger",,usda,,,,15.9,no-match,no,no,,,,
"Beef, round, full cut, separable lean and fat, trimmed to 1/8"" fat, choice, cooked, broiled",,usda,,,,17.1,no-match,no,no,,,,
ZAATAR LEBANESE BLEND THYME MIXER,,usda,,,,17.1,no-match,no,yes,,,,
"Beef, round, full cut, separable lean and fat, trimmed to 1/8"" fat, choice, raw",,usda,,,,17.6,no-match,no,no,,,,
LABNEH MIDDLE EASTERN STYLE SPREADABLE CHEESE,,usda,,,,18.7,no-match,no,no,,,,
AUTHENTIC BARREL RIPENED FETA CHEESE,,usda,,,,19.7,no-match,no,no,,,,
"BURGER KING, DOUBLE WHOPPER, with cheese",,usda,,,,19.8,no-match,no,no,,,,
ALL NATURAL AYRAN YOGURT DRINK,,usda,,,,20.3,no-match,no,no,,,,
BAKING SODA,,usda,,,,20.9,no-match,no,no,,,,
"BURGER KING, CROISSAN'WICH with Egg and Cheese",,usda,,,,22.2,no-match,no,no,,,,
ALL PURPOSE FLOUR,,usda,,,,22.4,no-match,no,no,,,,
"Lentils, sprouted, cooked, stir-fried, with salt",,usda,,,,22.4,no-match,no,no,,,,
"Lentils, mature seeds, cooked, boiled, with salt",,usda,,,,22.5,no-match,no,no,,,,
"Vermicelli (shaariyeh), dry",grains,lebanese,,,,22.7,no-match,no,no,,,,
Egg sandwich on croissant,,usda,,,,22.8,no-match,no,no,,,,
"Squash, summer, zucchini, includes skin, cooked, boiled, drained, without salt",,usda,,,,23.6,no-match,no,no,,,,
"Chicken, breast, boneless, skinless, raw",,usda,,,,24.2,no-match,no,no,,,,
"Nuts, cashew nuts, oil roasted, without salt added",,usda,,,,24.2,no-match,no,no,,,,
"PIZZA HUT 14"" Sausage Pizza, Hand-Tossed Crust",,usda,,,,24.2,no-match,no,yes,,,,
LOAF,,usda,,,,24.7,no-match,no,yes,,,,
"BURGER KING, WHOPPER, with cheese",,usda,,,,24.8,no-match,no,no,,,,
Ghee (samneh),fats_oils,lebanese,,,,24.9,no-match,no,no,,,,
Stuffed vine leaves (warak enab),prepared,lebanese,,,,24.9,no-match,no,yes,,,,
"Tofu, fried",,usda,,,,25,no-match,no,no,,,,
"100% PURE MAPLE SYRUP, MAPLE",,usda,,,,25,no-match,no,no,,,,
"Babyfood, apple-banana juice",,usda,,,,25.2,no-match,no,no,,,,
BAKING POWDER,,usda,,,,25.8,no-match,no,no,,,,
BAKING POWDER,,usda,,,,25.8,no-match,no,no,,,,
"Snacks, popcorn, oil-popped, white popcorn, salt added",,usda,,,,26.4,no-match,no,no,,,,
"BURGER KING, DOUBLE WHOPPER, no cheese",,usda,,,,26.4,no-match,no,no,,,,
"Squash, summer, zucchini, includes skin, cooked, boiled, drained, with salt",,usda,,,,26.7,no-match,no,no,,,,
Foul moudammas (with oil),prepared,lebanese,,,,27.2,no-match,no,no,,,,
"Fish, tuna, white, canned in oil, without salt, drained solids",,usda,,,,27.2,no-match,no,no,,,,
"Fish, tuna, light, canned in oil, without salt, drained solids",,usda,,,,27.2,no-match,no,no,,,,
"Bread, pita, whole wheat",,usda,,,,27.7,no-match,no,no,,,,
"Snacks, rice cakes, brown rice, multigrain, unsalted",,usda,,,,28.2,no-match,no,yes,,,,
"Chicken wing, baked, coated",,usda,,,,28.3,no-match,no,no,,,,
"Lemon juice, 100%, freshly squeezed",,usda,,,,29.6,no-match,no,no,,,,
"BURGER KING, WHOPPER, no cheese",,usda,,,,30.2,no-match,no,no,,,,
"Tuna, canned in water, drained",protein,usda,,,,30.7,no-match,no,no,,,,
"Chicken leg, drumstick and thigh, stewed, skin not eaten",,usda,,,,30.8,no-match,no,no,,,,
"Chicken leg, drumstick and thigh, stewed, skin eaten",,usda,,,,30.8,no-match,no,no,,,,
"Chicken leg, drumstick and thigh, sauteed, skin eaten",,usda,,,,30.9,no-match,no,no,,,,
"Chicken leg, drumstick and thigh, sauteed, skin not eaten",,usda,,,,30.9,no-match,no,no,,,,
"Cocoa, dry powder, unsweetened, HERSHEY'S European Style Cocoa",,usda,,,,31.4,no-match,no,no,,,,
"Snacks, rice cakes, brown rice, plain, unsalted",,usda,,,,31.5,no-match,no,yes,,,,
"Peanuts, all types, oil-roasted, without salt",,usda,,,,31.5,no-match,no,no,,,,
"Chicken breast, raw, skinless",protein,usda,,,,31.8,no-match,no,no,,,,
"Chicken thigh, raw, skinless",protein,usda,,,,31.9,no-match,no,no,,,,
"Seeds, sunflower seed kernels, oil roasted, without salt",,usda,,,,31.9,no-match,no,no,,,,
"Dates, deglet noor",,usda,,,,32.5,no-match,no,no,,,,
COCOA,,usda,,,,32.6,no-match,no,no,,,,
"HALLOUMI CHEESE, HALLOUM",,usda,,,,32.6,no-match,no,no,,,,
"ALWADI, KASHKAVAL CHEESE",,usda,,,,32.6,no-match,no,no,,,,
"Babyfood, juice, apple",,usda,,,,32.8,no-match,no,no,,,,
"BURGER KING, Chicken Strips",,usda,,,,32.8,no-match,no,no,,,,
"TAHINI SESAME PASTE, TAHINI",,usda,,,,33.2,no-match,no,no,,,,
"Turkey breast, raw",protein,usda,,,,33.6,no-match,no,yes,,,,
Baklava mixed light,sweets,lebanese,,,,33.7,no-match,no,no,,,,
ALL NATURAL GLUTEN FREE CHICKEN NUGGETS,,usda,,,,33.7,no-match,no,no,,,,
"Chicken fillet, grilled",,usda,,,,33.8,no-match,no,no,,,,
"Bananas, dehydrated, or banana powder",,usda,,,,34.1,no-match,no,no,,,,
"Chicken wing, sauteed",,usda,,,,34.3,no-match,no,no,,,,
"Chicken wing, stewed",,usda,,,,34.6,no-match,no,no,,,,
Zaatar mix,prepared,lebanese,"Trail mix, NFS",Nuts and seeds,42500000,35,low-confidence,no,no,140,,,
"Bread, naan",,usda,"Bread, white",Yeast breads,51101000,35.5,low-confidence,no,no,40,,,
Zucchini (kousa),vegetables,usda,"Zucchini, pickled","Olives, pickles, pickled vegetables",75535000,35.6,low-confidence,no,no,170,,,
"Babyfood, carrots, toddler",,usda,"Baby Toddler carrots, Stage 1",Baby food: vegetables,76201010,35.6,low-confidence,no,no,,15,,
"OREO CONES, OREO",,usda,Snow cone,"Gelatins, ices, sorbets",91621000,35.6,low-confidence,no,no,130,,,
"Fish, tuna, white, canned in water, drained solids",,usda,"Fish, tuna, canned",Fish,26155110,35.7,low-confidence,no,no,135,,,
Halawa light,sweets,lebanese,"Cream, light",Cream and cream substitutes,12110100,35.8,low-confidence,no,no,240,,,
"Fish, tuna, white, canned in oil, drained solids",,usda,"Fish, tuna, canned",Fish,26155110,35.9,low-confidence,no,no,135,,,
"Fish, tuna, light, canned in oil, drained solids",,usda,"Fish, tuna, canned",Fish,26155110,35.9,low-confidence,no,no,135,,,
Vanilla extract,,usda,"Gelato, vanilla",Ice cream and frozen dairy desserts,13110460,36,low-confidence,no,no,175,,,
"Quinoa, fat added",,usda,"Onions, cooked, fat added",Onions,75221021,36.3,low-confidence,no,no,215,,,
Cheerios Cereal,,usda,"Cereal, other, NFS","Ready-to-eat cereal, higher sugar (>21.2g/100g)",57420100,36.4,low-confidence,no,no,35,,,
"Chicken leg, drumstick and thigh, rotisserie, skin not eaten",,usda,"Chicken, NS as to part, rotisserie, NS as to skin eaten","Chicken, whole pieces",24102050,37,low-confidence,no,no,,,,60
"Chicken leg, drumstick and thigh, rotisserie, skin eaten",,usda,"Chicken, NS as to part, rotisserie, NS as to skin eaten","Chicken, whole pieces",24102050,37,low-confidence,no,no,,,,60
CHICKEN BREAST,,usda,Biryani with chicken,Rice mixed dishes,27243100,37.3,low-confidence,no,yes,196,,,
"Bread, pita",,usda,"Bread, white",Yeast breads,51101000,37.3,low-confidence,no,no,40,,,
"Carrot juice, 100%",,usda,"Orange juice, 100%, frozen, not reconstituted",Citrus juice,61210720,37.4,low-confidence,no,no,284,,,
"Apple juice, 100%",,usda,"Orange juice, 100%, frozen, not reconstituted",Citrus juice,61210720,37.6,low-confidence,no,no,284,,,
"Chicken leg, drumstick and thigh, baked or broiled, skin not eaten",,usda,"Chicken, NS as to part, baked, broiled, or roasted, NS as to skin eaten","Chicken, whole pieces",24102000,37.7,low-confidence,no,no,,,,60
"Chicken leg, drumstick and thigh, baked or broiled, skin eaten",,usda,"Chicken, NS as to part, baked, broiled, or roasted, NS as to skin eaten","Chicken, whole pieces",24102000,37.7,low-confidence,no,no,,,,60
FAVA BEANS IN BRINE FOUL MOUDAMMAS,,usda,"Fava beans, cooked","Beans, peas, legumes",41102210,38.1,low-confidence,no,no,185,,,
"Bread, multigrain",,usda,"Cereal, multigrain","Ready-to-eat cereal, lower sugar (=<21.2g/100g)",57301600,38.2,low-confidence,no,no,50,,,
"Watermelon juice, 100%",,usda,"Orange juice, 100%, frozen, not reconstituted",Citrus juice,61210720,38.7,low-confidence,no,no,284,,,
"Beef, lean ground (90/10), raw",protein,usda,"Beef, ground, raw",Ground beef,21500000,39.1,low-confidence,no,no,225,,,
White cheese (baladi),dairy,lebanese,Puerto Rican white cheese,Cottage/ricotta cheese,14203510,39.2,low-confidence,no,no,128,,,
"Candies, NESTLE, AFTER EIGHT Mints",,usda,"Candy, mint",Candy not containing chocolate,91745000,39.4,low-confidence,no,no,,,,2
"PIZZA HUT 12"" Cheese Pizza, Hand-Tossed Crust",,usda,"Pizza, cheese, stuffed crust",Pizza,58106233,39.4,low-confidence,no,no,,,,148
"PIZZA HUT 14"" Cheese Pizza, Hand-Tossed Crust",,usda,"Pizza, cheese, stuffed crust",Pizza,58106233,39.4,low-confidence,no,no,,,,148
"PIZZA HUT 12"" Pepperoni Pizza, Hand-Tossed Crust",,usda,"Pizza with pepperoni, stuffed crust",Pizza,58106565,39.7,low-confidence,no,yes,,,,164
"PIZZA HUT 14"" Pepperoni Pizza, Hand-Tossed Crust",,usda,"Pizza with pepperoni, stuffed crust",Pizza,58106565,39.7,low-confidence,no,yes,,,,164
"Chicken breast, stewed, skin eaten",,usda,"Chicken, NS as to part, stewed, NS as to skin eaten","Chicken, whole pieces",24103000,40,low-confidence,no,no,,,,70
"Chicken breast, sauteed, skin not eaten",,usda,"Chicken, NS as to part, sauteed, skin eaten","Chicken, whole pieces",24104049,40.1,low-confidence,no,no,,,,60
"BURGER KING, french fries",,usda,"Potato, french fries, NFS",French fries and other fried white potatoes,71400990,40.1,low-confidence,no,no,60,,,
"Beverages, Cocoa mix, NESTLE, Hot Cocoa Mix Rich Chocolate With Marshmallows",,usda,"Hot chocolate / cocoa, dry mix, made with water","Flavored milk, nonfat",11514100,40.1,low-confidence,no,no,248,,,
"Chicken wing, grilled without sauce",,usda,"Chicken, NS as to part, grilled without sauce, NS as to skin eaten","Chicken, whole pieces",24103050,40.5,low-confidence,no,no,,,,60
"Pasta, whole grain, cooked",,usda,"Pasta, whole grain, with cream sauce, restaurant","Pasta mixed dishes, excludes macaroni and cheese",58146681,41.1,low-confidence,no,yes,250,,,
"Squash, summer, zucchini, includes skin, raw",,usda,"Summer squash, yellow, raw",Other vegetables and combinations,75128000,41.2,low-confidence,no,no,115,,,
"Yogurt, Greek, strawberry, lowfat",,usda,"Yogurt, Greek, with oats","Yogurt, Greek",11435100,41.3,low-confidence,no,yes,245,,,
"McDONALD'S, french fries",,usda,"Potato, french fries, NFS",French fries and other fried white potatoes,71400990,42.2,low-confidence,no,no,60,,,
"PIZZA HUT 12"" Pepperoni Pizza, Pan Crust",,usda,"Pizza with pepperoni, stuffed crust",Pizza,58106565,42.6,low-confidence,no,yes,,,,164
Bell pepper,vegetables,usda,"Peppers, raw, NFS",Other vegetables and combinations,75122000,43.5,low-confidence,no,no,150,,,10
"Oats, rolled, dry",grains,usda,"Oats, raw",Not included in a food category,57602100,43.6,low-confidence,no,no,80,,,
"PIZZA HUT 14"" Cheese Pizza, Pan Crust",,usda,"Pizza, cheese, with fruit, medium crust",Pizza,58106359,43.6,low-confidence,no,yes,,,,137
"PIZZA HUT 12"" Cheese Pizza, Pan Crust",,usda,"Pizza, cheese, with fruit, medium crust",Pizza,58106359,43.6,low-confidence,no,yes,,,,137
"Coconut water, unsweetened",,usda,"Water, NFS",Tap water,94000010,43.7,low-confidence,no,no,240,,,
SHREDDED MOZARELLA CHEESE,,usda,"Cheese, NFS",Cheese,14010000,44.1,low-confidence,no,no,113,,,
"Chicken leg, drumstick and thigh, grilled without sauce, skin not eaten",,usda,"Chicken, NS as to part, grilled without sauce, NS as to skin eaten","Chicken, whole pieces",24103050,44.5,low-confidence,no,no,,,,60
"Chicken leg, drumstick and thigh, grilled without sauce, skin eaten",,usda,"Chicken, NS as to part, grilled without sauce, NS as to skin eaten","Chicken, whole pieces",24103050,44.5,low-confidence,no,no,,,,60
"Cream cheese, full fat, block",,usda,"Cream cheese, fat free","Cream cheese, sour cream, whipped cream",14410380,44.7,low-confidence,no,no,240,15,,
"Lentils, brown, cooked",legumes,usda,"Lentils, NFS","Beans, peas, legumes",41304970,44.8,low-confidence,no,no,185,,,
"Mushrooms, portabella, grilled",,usda,Fried mushrooms,Fried vegetables,75414030,44.8,low-confidence,no,no,135,,,
"Lentils, sprouted, raw",,usda,"Lentils, NFS","Beans, peas, legumes",41304970,44.8,low-confidence,no,no,185,,,
"Cranberry juice, unsweetened",,usda,"Cranberries, dried",Dried fruits,62109100,44.8,low-confidence,no,no,160,,,
"Red lentils, cooked",legumes,usda,"Lentils, NFS","Beans, peas, legumes",41304970,45.2,low-confidence,no,no,185,,,
"Chicken, breast, meat and skin, raw",,usda,"Chicken, canned, meat only","Chicken, whole pieces",24198570,45.7,low-confidence,no,no,205,,,
"Popcorn, popped in oil, with added butter",,usda,"Popcorn, movie theater, with added butter",Popcorn,54403005,45.9,low-confidence,no,no,14,,,
Orange Blossom,,usda,"Orange, canned, NFS",Citrus fruits,61122300,46.7,low-confidence,no,no,250,,,
TOMATO CONCENTRATE,,usda,"Tomatoes, raw",Tomatoes,74101000,46.7,low-confidence,no,no,180,,,
"Chicken breast, rotisserie, skin not eaten",,usda,"Chicken, NS as to part, rotisserie, NS as to skin eaten","Chicken, whole pieces",24102050,47,low-confidence,no,no,,,,60
"Carrot, dehydrated",,usda,"Carrots, raw",Carrots,73101010,47,low-confidence,no,no,120,,,
Rice cake,,usda,"Rice, fried, NFS",Fried rice and lo/chow mein,58150310,47.7,low-confidence,no,no,198,,,
Apple cider,,usda,"Apple, dried",Dried fruits,62101100,48,low-confidence,no,no,90,,,
"Pasta, cooked",grains,usda,Flavored pasta,"Pasta mixed dishes, excludes macaroni and cheese",58147510,48.1,low-confidence,no,no,185,,,
"Pasta, cooked",,usda,Flavored pasta,"Pasta mixed dishes, excludes macaroni and cheese",58147510,48.1,low-confidence,no,no,185,,,
"Dates, medjool",fruits,usda,Date,Dried fruits,62110100,48.3,low-confidence,no,no,160,,,
"Dates, medjool",,usda,Date,Dried fruits,62110100,48.3,low-confidence,no,no,160,,,
"Babyfood, juice, orange",,usda,"Orange, canned, juice pack",Citrus fruits,61122320,48.4,low-confidence,no,no,245,,,
Kashkaval cheese,dairy,lebanese,"Cheese, NFS",Cheese,14010000,48.7,low-confidence,no,no,113,,,
Pomegranate molasses,prepared,lebanese,Molasses,Sugars and honey,91303000,48.7,low-confidence,no,no,320,20,,
OIL,,usda,Corn oil,Salad dressings and vegetable oils,82102000,48.7,low-confidence,no,no,224,14,,
"Croissant, cheese",,usda,"Cheese, NFS",Cheese,14010000,48.7,low-confidence,no,no,113,,,
COCONUT SUGAR,,usda,"Sugar, NFS",Sugars and honey,91101000,48.8,low-confidence,no,no,200,,4.2,
"BURGER KING, Onion Rings",,usda,Fried onion rings,Fried vegetables,75415022,48.9,low-confidence,no,no,50,,,
Halloumi cheese,dairy,lebanese,"Cheese, NFS",Cheese,14010000,49,low-confidence,no,no,113,,,
"Bread, pita, white, unenriched",,usda,"Bread, white",Yeast breads,51101000,49.1,low-confidence,no,no,40,,,
"Spinach, baby",,usda,"Spinach, raw",Spinach,72125100,49.2,low-confidence,no,no,25,,,
"Bread, multigrain, toasted",,usda,"Bread, white, toasted",Yeast breads,51101010,49.2,low-confidence,no,no,40,,,
Chicken skin,,usda,"Stew, chicken",Poultry mixed dishes,27341520,49.2,low-confidence,no,no,255,,,
"Yogurt, Greek, vanilla, lowfat",,usda,"Frozen yogurt, vanilla",Ice cream and frozen dairy desserts,11460000,49.3,low-confidence,no,no,175,,,
"Bread, pita, white, enriched",,usda,"Bread, white",Yeast breads,51101000,49.4,low-confidence,no,no,40,,,
"Sugar, white",sweets,usda,"Sugar, NFS",Sugars and honey,91101000,49.5,low-confidence,no,no,200,,4.2,
BREAD,,usda,"Bread, white",Yeast breads,51101000,49.5,low-confidence,no,no,40,,,
"Arabic bread / pita, white",grains,lebanese,"Bread, white",Yeast breads,51101000,49.8,low-confidence,no,no,40,,,
WHITE CHEESE,,usda,"Cheese, NFS",Cheese,14010000,50,low-confidence,no,no,113,,,
"Bread, potato",,usda,"Potato, NFS","White potatoes, baked or boiled",71000100,50,low-confidence,no,no,160,,,
ZUCCHINI,,usda,"Zucchini, pickled","Olives, pickles, pickled vegetables",75535000,50,low-confidence,no,no,170,,,
"Nuts, mixed nuts, oil roasted, without peanuts, without salt added",,usda,"Mixed nuts, without peanuts, salted",Nuts and seeds,42110150,50.1,low-confidence,no,no,142,,,
"Nuts, mixed nuts, oil roasted, with peanuts, without salt added",,usda,"Mixed nuts, without peanuts, salted",Nuts and seeds,42110150,50.1,low-confidence,no,no,142,,,
"PIZZA HUT 14"" Cheese Pizza, THIN 'N CRISPY Crust",,usda,"Pizza, extra cheese, thin crust",Pizza,58106250,50.3,low-confidence,no,no,,,,92
"PIZZA HUT 12"" Cheese Pizza, THIN 'N CRISPY Crust",,usda,"Pizza, extra cheese, thin crust",Pizza,58106250,50.3,low-confidence,no,no,,,,92
Baklava mixed,sweets,lebanese,Baklava,Cakes and pies,53441110,50.4,low-confidence,no,no,,,,80
"DIJON MUSTARD, DIJON MUSTARD",,usda,Mustard,Mustard and other condiments,75506010,50.4,low-confidence,no,no,,15,,
"Greek yogurt, plain 2%",dairy,usda,"Yogurt, Greek, whole milk, plain","Yogurt, Greek",11411400,50.5,low-confidence,no,no,245,,,
Feta cheese,dairy,usda,"Cheese, NFS",Cheese,14010000,50.5,low-confidence,no,no,113,,,
"Cheese, feta",,usda,"Cheese, NFS",Cheese,14010000,50.5,low-confidence,no,no,113,,,
"Quinoa, no added fat",,usda,"Onions, cooked, no added fat",Onions,75221011,50.6,low-confidence,no,no,210,,,
CHICKEN,,usda,"Stew, chicken",Poultry mixed dishes,27341520,50.8,low-confidence,no,no,255,,,
CHICKEN,,usda,"Stew, chicken",Poultry mixed dishes,27341520,50.8,low-confidence,no,no,255,,,
"Yogurt, Greek, plain, lowfat",,usda,"Yogurt, Greek, whole milk, plain","Yogurt, Greek",11411400,50.9,low-confidence,no,no,245,,,
Walnuts,nuts_seeds,usda,Walnut oil,Salad dressings and vegetable oils,82108700,51,low-confidence,no,no,224,14,,
MAYONNAISE,,usda,Vegan mayonnaise,Mayonnaise,83108000,51.3,low-confidence,no,no,225,14.1,,
"Popcorn, popped in oil, no butter added",,usda,"Popcorn, movie theater, no butter added",Popcorn,54403006,51.5,low-confidence,no,no,11,,,
"Fish, salmon, Atlantic, farmed, raw",,usda,"Fish, salmon, raw",Fish,26137100,51.8,low-confidence,no,no,135,,,
CHOCOLATE,,usda,Chocolate dip,"Jams, syrups, toppings",91306030,51.9,low-confidence,no,no,,20,,
CHOCOLATE,,usda,Chocolate dip,"Jams, syrups, toppings",91306030,51.9,low-confidence,no,no,,20,,
"Chicken drumstick, grilled without sauce, skin eaten",,usda,"Chicken, NS as to part, grilled without sauce, NS as to skin eaten","Chicken, whole pieces",24103050,52.9,low-confidence,no,no,,,,60
"Chicken drumstick, grilled without sauce, skin not eaten",,usda,"Chicken, NS as to part, grilled without sauce, NS as to skin eaten","Chicken, whole pieces",24103050,52.9,low-confidence,no,no,,,,60
"Tomatoes, crushed, canned",,usda,"Tomatoes, canned, cooked",Tomatoes,74201003,53.1,low-confidence,no,no,240,,,
"Bananas, overripe, raw",,usda,"Banana, raw",Bananas,63107010,53.6,low-confidence,no,no,150,,,
"Chicken breast, grilled without sauce, skin eaten",,usda,"Chicken, NS as to part, grilled without sauce, NS as to skin eaten","Chicken, whole pieces",24103050,54.6,low-confidence,no,no,,,,60
"Chicken thigh, grilled without sauce, skin not eaten",,usda,"Chicken, NS as to part, grilled without sauce, NS as to skin eaten","Chicken, whole pieces",24103050,54.6,low-confidence,no,no,,,,60
"Chicken breast, grilled without sauce, skin not eaten",,usda,"Chicken, NS as to part, grilled without sauce, NS as to skin eaten","Chicken, whole pieces",24103050,54.6,low-confidence,no,no,,,,60
"Chicken thigh, grilled without sauce, skin eaten",,usda,"Chicken, NS as to part, grilled without sauce, NS as to skin eaten","Chicken, whole pieces",24103050,54.6,low-confidence,no,no,,,,60
"Salmon, raw",protein,usda,"Fish, salmon, raw",Fish,26137100,55,low-confidence,no,no,135,,,
"Cream, sour, full fat",,usda,"Sour cream, fat free","Cream cheese, sour cream, whipped cream",12310370,55.4,match,no,no,240,15,,
"Restaurant, family style, french fries",,usda,"Potato, french fries, restaurant",French fries and other fried white potatoes,71401031,56.4,match,no,no,60,,,
"Milk, whole (3%)",dairy,usda,"Milk, whole","Milk, whole",11111000,56.7,match,no,no,244,,,
"Yogurt, Greek, vanilla, nonfat",,usda,"Yogurt, Greek, nonfat milk, plain","Yogurt, Greek",11411420,58.3,match,no,no,245,,,
"Cocoa, dry powder, unsweetened",,usda,"Cocoa powder, not reconstituted",Not included in a food category,11830150,60,match,no,no,,5,,
"Cod / white fish, raw",protein,usda,"Fish, cod, NFS",Fish,26109110,61.1,match,no,no,135,,,
ORANGE JUICE,,usda,"Orange, canned, juice pack",Citrus fruits,61122320,61.7,match,no,no,245,,,
"Brown rice, cooked",grains,usda,Beans and brown rice,"Bean, pea, legume dishes",58161320,62,low-confidence,no,yes,170,,,
"White rice, cooked",grains,usda,Beans and white rice,"Bean, pea, legume dishes",58160110,63.1,low-confidence,no,yes,170,,,
"Snacks, banana chips",,usda,Banana chips,Dried fruits,62107200,66.5,match,no,no,72,,,
"Syrup, NESTLE, chocolate",,usda,Chocolate syrup,"Jams, syrups, toppings",91301080,66.8,match,no,no,320,20,,
GREEK YOGURT,,usda,"Yogurt, Greek, with oats","Yogurt, Greek",11435100,67.5,low-confidence,no,yes,245,,,
"Candies, milk chocolate",,usda,Chocolate candy,Candy containing chocolate,91705010,67.5,match,no,no,160,,,8
"Cottage cheese, full fat, large or small curd",,usda,"Cheese, cottage, creamed, large or small curd",Cottage/ricotta cheese,14201010,67.9,match,no,no,210,,,
"Orange juice, 100%, NFS",,usda,"Orange juice, 100%, frozen, not reconstituted",Citrus juice,61210720,68.8,match,no,no,284,,,
"Egg white, raw",protein,usda,"Egg, white only, raw",Eggs and omelets,31108010,68.9,match,no,no,245,,,
"Fava beans (foul), cooked",legumes,usda,"Fava beans, cooked","Beans, peas, legumes",41102210,69.3,match,no,no,185,,,
"Yogurt, plain, nonfat",,usda,"Yogurt, nonfat milk, plain","Yogurt, regular",11411300,69.6,match,no,no,245,,,
"Lamb, lean, raw",protein,usda,"Lamb, ground","Lamb, goat, game",23132000,75.8,match,no,no,125,,,
EGG,,usda,"Egg, whole, raw",Eggs and omelets,31101010,79,match,no,no,245,,,
Hummus,prepared,lebanese,"Hummus, plain","Dips, gravies, other sauces",41205070,84.5,match,no,no,,15,,
HUMMUS,,usda,"Hummus, plain","Dips, gravies, other sauces",41205070,84.5,match,no,no,,15,,
"Chickpeas, cooked",legumes,usda,"Chickpeas, NFS","Beans, peas, legumes",41301990,85.3,match,no,no,185,,,
Onion,vegetables,usda,"Onions, raw",Onions,75117020,85.6,match,no,no,160,,,
Apple,fruits,usda,"Apple, raw",Apples,63101000,85.6,match,no,no,125,,,
Grapes,fruits,usda,"Grapes, raw",Grapes,63123000,85.6,match,no,no,150,,,
"Shrimp, raw",protein,usda,"Shrimp, NFS",Shellfish,26319110,86,match,no,no,135,,,
Tomato,vegetables,usda,"Tomatoes, raw",Tomatoes,74101000,86,match,no,no,180,,,
"Potato, raw",vegetables,usda,"Potato, NFS","White potatoes, baked or boiled",71000100,86,match,no,no,160,,,
Carrot,vegetables,usda,"Carrots, raw",Carrots,73101010,86,match,no,no,120,,,
Banana,fruits,usda,"Banana, raw",Bananas,63107010,86,match,no,no,150,,,
Orange,fruits,usda,"Orange, raw",Citrus fruits,61119010,86,match,no,no,180,,,
Parsley,vegetables,usda,"Parsley, raw",Not included in a food category,75119000,86.4,match,no,no,60,,,
Lettuce,vegetables,usda,"Lettuce, raw",Lettuce and lettuce salads,75113000,86.4,match,no,no,35,,,
Spinach,vegetables,usda,"Spinach, raw",Spinach,72125100,86.4,match,no,no,25,,,
Avocado,fats_oils,usda,"Avocado, raw",Other vegetables and combinations,63105010,86.4,match,no,no,150,,,
Cucumber,vegetables,usda,"Cucumber, raw",Other vegetables and combinations,75111000,86.7,match,no,no,120,,,
Eggplant,vegetables,usda,"Eggplant, raw",Other vegetables and combinations,75111200,86.7,match,no,no,80,,,
Watermelon,fruits,usda,"Watermelon, raw",Melons,63149010,87.1,match,no,no,155,,,
Strawberry,fruits,usda,"Strawberries, raw",Strawberries,63223020,87.1,match,no,no,150,,,
Cauliflower,vegetables,usda,"Cauliflower, raw",Other vegetables and combinations,75107000,87.3,match,no,no,110,,,13
"White beans, cooked",legumes,usda,"White beans, NFS","Beans, peas, legumes",41101090,89.2,match,no,no,185,,,
"Kidney beans, cooked",legumes,usda,"Kidney beans, NFS","Beans, peas, legumes",41105990,89.4,match,no,no,185,,,
"Cheese, parmesan, grated",,usda,"Cheese, Parmesan, dry grated",Cheese,14108010,93.5,match,no,no,100,6.2,,
"Egg, whole, raw",protein,usda,"Egg, whole, raw",Eggs and omelets,31101010,100,match,no,no,245,,,
"Milk, low-fat (1%)",dairy,usda,"Milk, low fat (1%)","Milk, lowfat",11112210,100,match,no,no,244,,,
Olive oil,fats_oils,usda,Olive oil,Salad dressings and vegetable oils,82104000,100,match,no,no,224,14,,
Tahini,fats_oils,lebanese,Tahini,Nuts and seeds,43103300,100,match,no,no,,15,,
"Olives, green",fats_oils,usda,"Olives, green","Olives, pickles, pickled vegetables",75510010,100,match,no,no,135,,,
Almonds,nuts_seeds,usda,"Almonds, NFS",Nuts and seeds,42100100,100,match,no,no,141,,,
Cashews,nuts_seeds,usda,"Cashews, NFS",Nuts and seeds,42104000,100,match,no,no,130,,,
Sesame seeds,nuts_seeds,usda,Sesame seeds,Nuts and seeds,43103000,100,match,no,no,128,,,
Tabbouleh,prepared,lebanese,Tabbouleh,Turnovers and other grain-based items,58175110,100,match,no,no,160,,,
Honey,sweets,usda,Honey,Sugars and honey,91302010,100,match,no,no,320,20,,
Chocolate chips,,usda,Chocolate chips,Candy containing chocolate,91705200,100,match,no,no,225,,,1
"Cocoa powder, not reconstituted",,usda,"Cocoa powder, not reconstituted",Not included in a food category,11830150,100,match,no,no,,5,,
"Almond milk, unsweetened",,usda,"Almond milk, unsweetened",Plant-based milk,11350020,100,match,no,no,244,,,
BEEF,,usda,"Beef, NFS","Beef, excludes ground",21000100,100,match,no,no,135,,,
"Stew, beef",,usda,"Stew, beef",Meat mixed dishes,27311410,100,match,no,no,255,,,
"Oil, canola",,usda,Canola oil,Salad dressings and vegetable oils,82105500,100,match,no,no,224,14,,
Sun-dried tomatoes,,usda,Sun-dried tomatoes,Tomatoes,74206000,100,match,no,no,55,,,5
Peanut butter,,usda,Peanut butter,Nuts and seeds,42202000,100,match,no,no,,16,,
"Cheese, Parmesan, hard",,usda,"Cheese, Parmesan, hard",Cheese,14108020,100,match,no,no,,5,,
Dragon fruit,,usda,Dragon fruit,Other fruits and fruit salads,63116010,100,match,no,no,180,,,
"Apple, raw",,usda,"Apple, raw",Apples,63101000,100,match,no,no,125,,,
"Pie, apple",,usda,"Pie, apple",Cakes and pies,53301000,100,match,no,no,250,,,
"Apple, baked",,usda,"Apple, baked",Apples,63101310,100,match,no,no,190,,,
"Apple, dried",,usda,"Apple, dried",Dried fruits,62101100,100,match,no,no,90,,,
"Banana, raw",,usda,"Banana, raw",Bananas,63107010,100,match,no,no,150,,,
Banana chips,,usda,Banana chips,Dried fruits,62107200,100,match,no,no,72,,,
"Orange, raw",,usda,"Orange, raw",Citrus fruits,61119010,100,match,no,no,180,,,
"Vegetables, pickled",,usda,"Vegetables, pickled","Olives, pickles, pickled vegetables",75515100,100,match,no,no,160,,,
"Soup, chicken",,usda,"Soup, chicken","Soups, broth-based",28340660,100,match,no,no,245,,,
Fried broccoli,,usda,Fried broccoli,Fried vegetables,72202030,100,match,no,no,85,,,
"Broccoli, raw",,usda,"Broccoli, raw",Broccoli,72201100,100,match,no,no,90,,,10
"Broccoli, Chinese, cooked",,usda,"Broccoli, Chinese, cooked",Broccoli,72203070,100,match,no,no,88,,,
"Carrots, raw",,usda,"Carrots, raw",Carrots,73101010,100,match,no,no,120,,,
"Carrots, fresh, cooked with oil",,usda,"Carrots, fresh, cooked with oil",Carrots,73102217,100,match,no,no,160,,,
"Potato chips, NFS",,usda,"Potato chips, NFS",Potato chips,71200010,100,match,no,no,25,,,
Stewed potatoes,,usda,Stewed potatoes,Mashed potatoes and white potato mixtures,71703990,100,match,no,no,250,,,
"Potato, boiled, NFS",,usda,"Potato, boiled, NFS","White potatoes, baked or boiled",71102980,100,match,no,no,160,,,
"Potato sticks, flavored",,usda,"Potato sticks, flavored",Potato chips,71205030,100,match,no,no,38,,,
"Potato chips, plain",,usda,"Potato chips, plain",Potato chips,71200100,100,match,no,no,25,,,
"Potato chips, unsalted",,usda,"Potato chips, unsalted",Potato chips,71202000,100,match,no,no,25,,,
"Potato, french fries, NFS",,usda,"Potato, french fries, NFS",French fries and other fried white potatoes,71400990,100,match,no,no,60,,,
"Potato, french fries, restaurant",,usda,"Potato, french fries, restaurant",French fries and other fried white potatoes,71401031,100,match,no,no,60,,,
"Potato, baked, NFS",,usda,"Potato, baked, NFS","White potatoes, baked or boiled",71100100,100,match,no,no,130,,,
"Potato, baked, peel not eaten",,usda,"Potato, baked, peel not eaten","White potatoes, baked or boiled",71101000,100,match,no,no,130,,,
"Potato, baked, peel eaten",,usda,"Potato, baked, peel not eaten","White potatoes, baked or boiled",71101000,100,match,no,no,130,,,
Steak sauce,,usda,Steak sauce,Tomato-based condiments,74406100,100,match,no,no,,17,,
Steak tartare,,usda,Steak tartare,Meat mixed dishes,27116400,100,match,no,no,225,,,
Steak teriyaki,,usda,Steak teriyaki,Stir-fry and soy-based sauce mixtures,27115100,100,match,no,no,244,,,
Pepper steak,,usda,Pepper steak,Meat mixed dishes,27416150,100,match,no,no,217,,,
"Venison, steak",,usda,"Venison, steak","Lamb, goat, game",23321200,100,match,no,no,135,,,
"Beef, sandwich steak",,usda,"Beef, sandwich steak","Beef, excludes ground",21420100,100,match,no,no,110,,,
"Beef, steak, cube",,usda,"Beef, steak, cube","Beef, excludes ground",21101150,100,match,no,no,135,,,
"Beef, steak, chuck",,usda,"Beef, steak, chuck","Beef, excludes ground",21101140,100,match,no,no,135,,,
"Beef, steak, tenderloin",,usda,"Beef, steak, tenderloin","Beef, excludes ground",21103180,100,match,no,no,135,,,
"Beef, steak, flank",,usda,"Beef, steak, flank","Beef, excludes ground",21101160,100,match,no,no,135,,,
"Apricot, canned",,usda,"Apricot, canned",Other fruits and fruit salads,63103110,100,match,no,no,250,,,
"Bluberries, canned",,usda,"Bluberries, canned",Blueberries and other berries,63203110,100,match,no,no,250,,,
LIGHT MAYONNAISE,,usda,"Mayonnaise, light",Mayonnaise,83204000,100,match,no,no,250,15.6,,
Honey mustard dip,,usda,Honey mustard dip,Mustard and other condiments,75506100,100,match,no,no,,15,,
Mustard,,usda,Mustard,Mustard and other condiments,75506010,100,match,no,no,,15,,
Honey mustard dressing,,usda,Honey mustard dressing,Salad dressings and vegetable oils,83105500,100,match,no,no,250,15.6,,
"Calamari, cooked",,usda,"Calamari, cooked",Shellfish,26213120,100,match,no,no,135,,,
"Chard, cooked",,usda,"Chard, cooked",Other dark green vegetables,72104220,100,match,no,no,150,,,
"Celery, cooked",,usda,"Celery, cooked",Other vegetables and combinations,75215020,100,match,no,no,155,,,
"Edamame, cooked",,usda,"Edamame, cooked","Beans, peas, legumes",41420020,100,match,no,no,160,,,
"Garlic, cooked",,usda,"Garlic, cooked",Mustard and other condiments,75217400,100,match,no,no,,,5,
"Clams, fried",,usda,"Clams, fried",Shellfish,26303140,100,match,no,no,135,,,
"Calamari, fried",,usda,"Calamari, fried",Shellfish,26213140,100,match,no,no,135,,,
Fried eggplant,,usda,Fried eggplant,Fried vegetables,75412010,100,match,no,no,220,,,
Fried cauliflower,,usda,Fried cauliflower,Fried vegetables,75409020,100,match,no,no,85,,,
Fried okra,,usda,Fried okra,Fried vegetables,75414500,100,match,no,no,90,,,8
"Scallops, fried",,usda,"Scallops, fried",Shellfish,26317140,100,match,no,no,135,,,
Fried mushrooms,,usda,Fried mushrooms,Fried vegetables,75414030,100,match,no,no,135,,,
"Oysters, fried",,usda,"Oysters, fried",Shellfish,26315140,100,match,no,no,135,,,
"Shrimp, fried",,usda,"Shrimp, fried",Shellfish,26319140,100,match,no,no,135,,,
"Rice, fried, meatless",,usda,"Rice, fried, meatless",Fried rice and lo/chow mein,58150110,100,match,no,no,166,,,
"Shrimp, baked or broiled",,usda,"Shrimp, baked or broiled",Shellfish,26319120,100,match,no,no,135,,,
"Potato chips, baked, plain",,usda,"Potato chips, baked, plain",Potato chips,71200400,100,match,no,no,25,,,
"Potato chips, baked, flavored",,usda,"Potato chips, baked, flavored",Potato chips,71200410,100,match,no,no,25,,,
Olive oil,,usda,Olive oil,Salad dressings and vegetable oils,82104000,100,match,no,no,224,14,,
Almond butter,,usda,Almond butter,Nuts and seeds,42200500,100,match,no,no,,16,,
"Rice, white, with tomatoes and/or tomato-based sauce, fat added",,usda,"Rice, white, with tomatoes and/or tomato-based sauce, fat added",Rice mixed dishes,58160540,100,match,no,no,209,,,
"Tomatoes, raw",,usda,"Tomatoes, raw",Tomatoes,74101000,100,match,no,no,180,,,
"Milk, reduced fat (2%)",,usda,"Milk, reduced fat (2%)","Milk, reduced fat",11112110,100,match,no,no,244,,,
"Milk, fat free (skim)",,usda,"Milk, fat free (skim)","Milk, nonfat",11113000,100,match,no,no,244,,,
"Milk, low fat (1%)",,usda,"Milk, low fat (1%)","Milk, lowfat",11112210,100,match,no,no,244,,,
"Frozen yogurt, vanilla",,usda,"Frozen yogurt, vanilla",Ice cream and frozen dairy desserts,11460000,100,match,no,no,175,,,
"Frozen yogurts, chocolate",,usda,"Frozen yogurt, chocolate",Ice cream and frozen dairy desserts,11460100,100,match,no,no,175,,,
"Yogurt, low fat milk, plain",,usda,"Yogurt, low fat milk, plain","Yogurt, regular",11411200,100,match,no,no,245,,,
"Watermelon, raw",,usda,"Watermelon, raw",Melons,63149010,100,match,no,no,155,,,
"Cucumber, raw",,usda,"Cucumber, raw",Other vegetables and combinations,75111000,100,match,no,no,120,,,
PASTA SAUCE,,usda,"Pasta with sauce, NFS","Pasta mixed dishes, excludes macaroni and cheese",58146210,100,low-confidence,no,yes,250,,,
"Scallops, grilled",,usda,"Scallops, grilled",Shellfish,26317121,100,match,no,no,135,,,
"Shrimp, grilled",,usda,"Shrimp, grilled",Shellfish,26319123,100,match,no,no,135,,,
"Fish, bass, grilled",,usda,"Fish, bass, grilled",Fish,26141121,100,match,no,no,135,,,
"Fish, haddock, grilled",,usda,"Fish, haddock, grilled",Fish,26117121,100,match,no,no,135,,,
"Fish, flounder, grilled",,usda,"Fish, flounder, grilled",Fish,26115123,100,match,no,no,135,,,
"Fish, cod, grilled",,usda,"Fish, cod, grilled",Fish,26109123,100,match,no,no,135,,,
"Fish, catfish, grilled",,usda,"Fish, catfish, grilled",Fish,26107123,100,match,no,no,135,,,
"Fish, pompano, grilled",,usda,"Fish, pompano, grilled",Fish,26131121,100,match,no,no,135,,,
"Fish, salmon, grilled",,usda,"Fish, salmon, grilled",Fish,26137123,100,match,no,no,135,,,
"Fish, mackerel, grilled",,usda,"Fish, mackerel, grilled",Fish,26121121,100,match,no,no,135,,,
"Fish, perch, grilled",,usda,"Fish, perch, grilled",Fish,26127123,100,match,no,no,135,,,
"Fish, trout, grilled",,usda,"Fish, trout, grilled",Fish,26151123,100,match,no,no,135,,,
"Fish, whiting, grilled",,usda,"Fish, whiting, grilled",Fish,26157123,100,match,no,no,135,,,
"Fish, tilapia, grilled",,usda,"Fish, tilapia, grilled",Fish,26158013,100,match,no,no,135,,,
"Chicken, NS as to part, grilled without sauce, skin eaten",,usda,"Chicken, NS as to part, grilled without sauce, NS as to skin eaten","Chicken, whole pieces",24103050,100,match,no,no,,,,60
"Chicken, NS as to part, grilled without sauce, skin not eaten",,usda,"Chicken, NS as to part, grilled without sauce, NS as to skin eaten","Chicken, whole pieces",24103050,100,match,no,no,,,,60
"Chicken, NS as to part, grilled without sauce, NS as to skin eaten",,usda,"Chicken, NS as to part, grilled without sauce, NS as to skin eaten","Chicken, whole pieces",24103050,100,match,no,no,,,,60
"Lentils, NFS",,usda,"Lentils, NFS","Beans, peas, legumes",41304970,100,match,no,no,185,,,
"Rice, white, with lentils, no added fat",,usda,"Rice, white, with lentils, no added fat",Rice mixed dishes,58160810,100,match,no,no,198,,,
"Chocolate milk, NFS",,usda,"Chocolate milk, NFS","Flavored milk, lowfat",11511000,100,match,no,no,248,,,
"Almond milk, chocolate",,usda,"Almond milk, chocolate",Plant-based milk,11350010,100,match,no,no,244,,,
Chocolate milk drink,,usda,Chocolate milk drink,Milk shakes and other dairy drinks,11560000,100,match,no,no,248,,,
"Chocolate milk, whole",,usda,"Chocolate milk, whole","Flavored milk, whole",11511100,100,match,no,no,248,,,
"Chocolate milk, Nesquik, made with non-dairy milk",,usda,"Chocolate milk, Nesquik, made with non-dairy milk",Plant-based milk,11513385,100,match,no,no,248,,,
"Soy milk, chocolate",,usda,"Soy milk, chocolate",Plant-based milk,11321000,100,match,no,no,244,,,
"Chocolate milk, Nesquik, NS as to type of milk",,usda,"Chocolate milk, Nesquik, NS as to type of milk","Flavored milk, reduced fat",11513380,100,match,no,no,248,,,
"Soy milk, unsweetened",,usda,"Soy milk, unsweetened",Plant-based milk,11320100,100,match,no,no,244,,,
"Applesauce, unsweetened",,usda,"Applesauce, unsweetened",Apples,63101120,100,match,no,no,245,,,
"Pizza, cheese, from school lunch, thin crust",,usda,"Pizza, cheese, from school lunch, thin crust",Pizza,58106235,100,match,no,no,,,,142
"Veggie burger patty, no bun",,usda,"Veggie burger patty, no bun",Soy and meat-alternative products,41811890,100,match,no,no,125,,,
